email,subType,playlistName,songTitle,artist,duration
user27@example.com,PREMIUM,Playlist_1,Song Title 0,Artist 18,136
user13@example.com,PREMIUM,Playlist_3,Song Title 1,Artist 11,261
user36@example.com,STUDENT,Playlist_4,Song Title 2,Artist 3,186
user5@example.com,FREE,Playlist_1,Song Title 3,Artist 12,185
user2@example.com,STUDENT,Playlist_0,Song Title 4,Artist 17,298
user27@example.com,FREE,Playlist_3,Song Title 5,Artist 5,279
user14@example.com,STUDENT,Playlist_0,Song Title 6,Artist 2,177
user4@example.com,FREE,Playlist_1,Song Title 7,Artist 5,195
user21@example.com,STUDENT,Playlist_3,Song Title 8,Artist 0,142
user3@example.com,STUDENT,Playlist_3,Song Title 9,Artist 15,215
user20@example.com,FREE,Playlist_4,Song Title 10,Artist 5,225
user46@example.com,FREE,Playlist_2,Song Title 11,Artist 14,122
user45@example.com,PREMIUM,Playlist_3,Song Title 12,Artist 18,131
user47@example.com,PREMIUM,Playlist_3,Song Title 13,Artist 0,135
user39@example.com,PREMIUM,Playlist_3,Song Title 14,Artist 10,246
user16@example.com,FREE,Playlist_0,Song Title 15,Artist 10,293
user45@example.com,PREMIUM,Playlist_4,Song Title 16,Artist 10,291
user41@example.com,FREE,Playlist_4,Song Title 17,Artist 3,122
user33@example.com,FREE,Playlist_4,Song Title 18,Artist 10,276
user49@example.com,FREE,Playlist_2,Song Title 19,Artist 15,174
user23@example.com,PREMIUM,Playlist_1,Song Title 20,Artist 16,158
user17@example.com,FREE,Playlist_0,Song Title 21,Artist 8,120
user23@example.com,FREE,Playlist_3,Song Title 22,Artist 16,148
user49@example.com,FREE,Playlist_3,Song Title 23,Artist 1,156
user9@example.com,PREMIUM,Playlist_3,Song Title 24,Artist 7,192
user4@example.com,PREMIUM,Playlist_4,Song Title 25,Artist 14,152
user28@example.com,STUDENT,Playlist_4,Song Title 26,Artist 14,250
user47@example.com,PREMIUM,Playlist_4,Song Title 27,Artist 14,283
user3@example.com,PREMIUM,Playlist_0,Song Title 28,Artist 10,229
user31@example.com,STUDENT,Playlist_0,Song Title 29,Artist 13,196
user9@example.com,FREE,Playlist_4,Song Title 30,Artist 8,233
user4@example.com,FREE,Playlist_1,Song Title 31,Artist 19,172
user1@example.com,STUDENT,Playlist_4,Song Title 32,Artist 4,222
user44@example.com,PREMIUM,Playlist_0,Song Title 33,Artist 6,240
user12@example.com,FREE,Playlist_4,Song Title 34,Artist 13,295
user33@example.com,FREE,Playlist_3,Song Title 35,Artist 14,273
user31@example.com,STUDENT,Playlist_0,Song Title 36,Artist 3,188
user5@example.com,PREMIUM,Playlist_4,Song Title 37,Artist 13,260
user29@example.com,PREMIUM,Playlist_1,Song Title 38,Artist 11,274
user42@example.com,FREE,Playlist_4,Song Title 39,Artist 12,274
user11@example.com,PREMIUM,Playlist_2,Song Title 40,Artist 3,160
user8@example.com,STUDENT,Playlist_4,Song Title 41,Artist 9,259
user26@example.com,PREMIUM,Playlist_4,Song Title 42,Artist 19,236
user27@example.com,FREE,Playlist_1,Song Title 43,Artist 15,285
user17@example.com,STUDENT,Playlist_3,Song Title 44,Artist 15,218
user40@example.com,FREE,Playlist_4,Song Title 45,Artist 17,298
user48@example.com,FREE,Playlist_1,Song Title 46,Artist 7,178
user26@example.com,PREMIUM,Playlist_1,Song Title 47,Artist 16,154
user22@example.com,PREMIUM,Playlist_3,Song Title 48,Artist 4,125
user32@example.com,FREE,Playlist_1,Song Title 49,Artist 11,217
user29@example.com,FREE,Playlist_2,Song Title 50,Artist 7,291
user18@example.com,PREMIUM,Playlist_2,Song Title 51,Artist 14,191
user15@example.com,STUDENT,Playlist_2,Song Title 52,Artist 8,176
user30@example.com,STUDENT,Playlist_0,Song Title 53,Artist 1,168
user6@example.com,FREE,Playlist_0,Song Title 54,Artist 14,151
user4@example.com,FREE,Playlist_2,Song Title 55,Artist 9,168
user33@example.com,PREMIUM,Playlist_0,Song Title 56,Artist 5,242
user30@example.com,PREMIUM,Playlist_0,Song Title 57,Artist 8,197
user10@example.com,FREE,Playlist_1,Song Title 58,Artist 4,153
user9@example.com,PREMIUM,Playlist_3,Song Title 59,Artist 18,122
user11@example.com,PREMIUM,Playlist_2,Song Title 60,Artist 17,148
user17@example.com,FREE,Playlist_4,Song Title 61,Artist 19,145
user39@example.com,FREE,Playlist_1,Song Title 62,Artist 9,196
user42@example.com,STUDENT,Playlist_1,Song Title 63,Artist 4,166
user2@example.com,FREE,Playlist_4,Song Title 64,Artist 2,197
user16@example.com,STUDENT,Playlist_1,Song Title 65,Artist 0,244
user3@example.com,STUDENT,Playlist_2,Song Title 66,Artist 18,215
user19@example.com,STUDENT,Playlist_0,Song Title 67,Artist 11,205
user37@example.com,PREMIUM,Playlist_0,Song Title 68,Artist 15,218
user0@example.com,PREMIUM,Playlist_1,Song Title 69,Artist 17,204
user7@example.com,FREE,Playlist_0,Song Title 70,Artist 11,125
user46@example.com,PREMIUM,Playlist_2,Song Title 71,Artist 2,159
user47@example.com,STUDENT,Playlist_3,Song Title 72,Artist 13,224
user47@example.com,PREMIUM,Playlist_3,Song Title 73,Artist 11,195
user17@example.com,PREMIUM,Playlist_0,Song Title 74,Artist 17,154
user17@example.com,STUDENT,Playlist_2,Song Title 75,Artist 16,249
user32@example.com,FREE,Playlist_4,Song Title 76,Artist 0,156
user42@example.com,STUDENT,Playlist_3,Song Title 77,Artist 15,137
user46@example.com,PREMIUM,Playlist_2,Song Title 78,Artist 8,153
user2@example.com,STUDENT,Playlist_0,Song Title 79,Artist 14,270
user26@example.com,PREMIUM,Playlist_2,Song Title 80,Artist 12,236
user32@example.com,PREMIUM,Playlist_2,Song Title 81,Artist 14,253
user37@example.com,PREMIUM,Playlist_4,Song Title 82,Artist 17,242
user31@example.com,FREE,Playlist_3,Song Title 83,Artist 3,156
user20@example.com,PREMIUM,Playlist_2,Song Title 84,Artist 17,214
user6@example.com,STUDENT,Playlist_3,Song Title 85,Artist 10,182
user6@example.com,PREMIUM,Playlist_4,Song Title 86,Artist 9,268
user35@example.com,PREMIUM,Playlist_2,Song Title 87,Artist 11,289
user46@example.com,STUDENT,Playlist_2,Song Title 88,Artist 15,254
user42@example.com,STUDENT,Playlist_3,Song Title 89,Artist 4,144
user15@example.com,STUDENT,Playlist_2,Song Title 90,Artist 19,144
user34@example.com,FREE,Playlist_3,Song Title 91,Artist 16,172
user48@example.com,PREMIUM,Playlist_4,Song Title 92,Artist 17,184
user8@example.com,PREMIUM,Playlist_3,Song Title 93,Artist 1,121
user28@example.com,FREE,Playlist_4,Song Title 94,Artist 14,151
user11@example.com,PREMIUM,Playlist_1,Song Title 95,Artist 17,210
user29@example.com,PREMIUM,Playlist_1,Song Title 96,Artist 11,138
user43@example.com,PREMIUM,Playlist_1,Song Title 97,Artist 1,293
user22@example.com,FREE,Playlist_3,Song Title 98,Artist 14,242
user24@example.com,FREE,Playlist_1,Song Title 99,Artist 0,206
user37@example.com,STUDENT,Playlist_3,Song Title 100,Artist 16,134
user28@example.com,FREE,Playlist_2,Song Title 101,Artist 6,166
user3@example.com,PREMIUM,Playlist_3,Song Title 102,Artist 7,188
user18@example.com,STUDENT,Playlist_0,Song Title 103,Artist 16,160
user23@example.com,FREE,Playlist_2,Song Title 104,Artist 10,200
user34@example.com,FREE,Playlist_0,Song Title 105,Artist 9,244
user9@example.com,PREMIUM,Playlist_1,Song Title 106,Artist 9,274
user13@example.com,STUDENT,Playlist_1,Song Title 107,Artist 17,195
user33@example.com,PREMIUM,Playlist_1,Song Title 108,Artist 1,186
user42@example.com,FREE,Playlist_1,Song Title 109,Artist 3,153
user47@example.com,PREMIUM,Playlist_0,Song Title 110,Artist 3,141
user49@example.com,STUDENT,Playlist_0,Song Title 111,Artist 15,224
user16@example.com,FREE,Playlist_3,Song Title 112,Artist 2,127
user18@example.com,PREMIUM,Playlist_0,Song Title 113,Artist 18,227
user9@example.com,FREE,Playlist_4,Song Title 114,Artist 14,203
user45@example.com,PREMIUM,Playlist_2,Song Title 115,Artist 4,203
user3@example.com,STUDENT,Playlist_4,Song Title 116,Artist 8,131
user31@example.com,PREMIUM,Playlist_2,Song Title 117,Artist 7,273
user2@example.com,STUDENT,Playlist_3,Song Title 118,Artist 14,215
user47@example.com,FREE,Playlist_2,Song Title 119,Artist 4,234
user27@example.com,STUDENT,Playlist_2,Song Title 120,Artist 19,256
user47@example.com,STUDENT,Playlist_0,Song Title 121,Artist 16,231
user12@example.com,FREE,Playlist_4,Song Title 122,Artist 18,266
user12@example.com,FREE,Playlist_3,Song Title 123,Artist 13,282
user15@example.com,PREMIUM,Playlist_3,Song Title 124,Artist 7,174
user45@example.com,STUDENT,Playlist_1,Song Title 125,Artist 4,232
user37@example.com,FREE,Playlist_1,Song Title 126,Artist 13,204
user0@example.com,PREMIUM,Playlist_3,Song Title 127,Artist 2,179
user16@example.com,FREE,Playlist_1,Song Title 128,Artist 9,254
user12@example.com,PREMIUM,Playlist_2,Song Title 129,Artist 13,280
user46@example.com,PREMIUM,Playlist_4,Song Title 130,Artist 3,265
user23@example.com,FREE,Playlist_0,Song Title 131,Artist 6,193
user22@example.com,FREE,Playlist_0,Song Title 132,Artist 0,185
user17@example.com,STUDENT,Playlist_0,Song Title 133,Artist 16,130
user42@example.com,FREE,Playlist_1,Song Title 134,Artist 0,222
user16@example.com,FREE,Playlist_1,Song Title 135,Artist 19,280
user35@example.com,FREE,Playlist_3,Song Title 136,Artist 15,262
user46@example.com,PREMIUM,Playlist_0,Song Title 137,Artist 17,167
user19@example.com,STUDENT,Playlist_4,Song Title 138,Artist 15,180
user44@example.com,PREMIUM,Playlist_3,Song Title 139,Artist 3,165
user27@example.com,PREMIUM,Playlist_3,Song Title 140,Artist 15,232
user28@example.com,FREE,Playlist_3,Song Title 141,Artist 3,201
user38@example.com,STUDENT,Playlist_2,Song Title 142,Artist 15,171
user10@example.com,PREMIUM,Playlist_4,Song Title 143,Artist 6,151
user6@example.com,FREE,Playlist_4,Song Title 144,Artist 3,169
user21@example.com,PREMIUM,Playlist_1,Song Title 145,Artist 11,294
user11@example.com,STUDENT,Playlist_0,Song Title 146,Artist 13,203
user14@example.com,PREMIUM,Playlist_4,Song Title 147,Artist 5,252
user4@example.com,FREE,Playlist_3,Song Title 148,Artist 17,122
user11@example.com,FREE,Playlist_3,Song Title 149,Artist 8,274
user48@example.com,STUDENT,Playlist_0,Song Title 150,Artist 7,185
user2@example.com,STUDENT,Playlist_3,Song Title 151,Artist 9,297
user17@example.com,FREE,Playlist_0,Song Title 152,Artist 10,274
user40@example.com,STUDENT,Playlist_2,Song Title 153,Artist 1,194
user8@example.com,STUDENT,Playlist_0,Song Title 154,Artist 1,218
user37@example.com,STUDENT,Playlist_3,Song Title 155,Artist 5,233
user17@example.com,FREE,Playlist_4,Song Title 156,Artist 2,247
user41@example.com,PREMIUM,Playlist_1,Song Title 157,Artist 5,266
user38@example.com,PREMIUM,Playlist_0,Song Title 158,Artist 5,155
user2@example.com,FREE,Playlist_3,Song Title 159,Artist 17,209
user37@example.com,STUDENT,Playlist_2,Song Title 160,Artist 9,135
user32@example.com,FREE,Playlist_0,Song Title 161,Artist 1,261
user24@example.com,STUDENT,Playlist_2,Song Title 162,Artist 0,227
user48@example.com,PREMIUM,Playlist_0,Song Title 163,Artist 14,172
user28@example.com,PREMIUM,Playlist_0,Song Title 164,Artist 5,235
user33@example.com,PREMIUM,Playlist_1,Song Title 165,Artist 14,139
user39@example.com,STUDENT,Playlist_0,Song Title 166,Artist 13,199
user17@example.com,STUDENT,Playlist_4,Song Title 167,Artist 12,225
user20@example.com,STUDENT,Playlist_1,Song Title 168,Artist 4,187
user42@example.com,PREMIUM,Playlist_0,Song Title 169,Artist 18,273
user4@example.com,STUDENT,Playlist_4,Song Title 170,Artist 1,194
user13@example.com,FREE,Playlist_1,Song Title 171,Artist 19,127
user43@example.com,STUDENT,Playlist_2,Song Title 172,Artist 19,196
user31@example.com,FREE,Playlist_4,Song Title 173,Artist 5,172
user21@example.com,STUDENT,Playlist_0,Song Title 174,Artist 5,289
user4@example.com,PREMIUM,Playlist_2,Song Title 175,Artist 16,295
user16@example.com,STUDENT,Playlist_0,Song Title 176,Artist 19,127
user3@example.com,PREMIUM,Playlist_2,Song Title 177,Artist 2,243
user27@example.com,FREE,Playlist_4,Song Title 178,Artist 10,235
user33@example.com,STUDENT,Playlist_4,Song Title 179,Artist 16,181
user2@example.com,PREMIUM,Playlist_0,Song Title 180,Artist 10,219
user38@example.com,FREE,Playlist_2,Song Title 181,Artist 16,255
user5@example.com,PREMIUM,Playlist_3,Song Title 182,Artist 17,286
user8@example.com,FREE,Playlist_1,Song Title 183,Artist 14,234
user22@example.com,PREMIUM,Playlist_4,Song Title 184,Artist 3,172
user0@example.com,FREE,Playlist_4,Song Title 185,Artist 3,161
user20@example.com,STUDENT,Playlist_4,Song Title 186,Artist 13,131
user20@example.com,STUDENT,Playlist_3,Song Title 187,Artist 0,259
user23@example.com,PREMIUM,Playlist_4,Song Title 188,Artist 8,127
user20@example.com,PREMIUM,Playlist_2,Song Title 189,Artist 18,153
user38@example.com,FREE,Playlist_1,Song Title 190,Artist 12,193
user3@example.com,FREE,Playlist_2,Song Title 191,Artist 4,168
user5@example.com,STUDENT,Playlist_0,Song Title 192,Artist 11,208
user14@example.com,PREMIUM,Playlist_0,Song Title 193,Artist 7,160
user42@example.com,FREE,Playlist_3,Song Title 194,Artist 4,291
user1@example.com,STUDENT,Playlist_1,Song Title 195,Artist 1,170
user44@example.com,FREE,Playlist_2,Song Title 196,Artist 19,228
user27@example.com,PREMIUM,Playlist_1,Song Title 197,Artist 8,130
user31@example.com,STUDENT,Playlist_0,Song Title 198,Artist 16,164
user34@example.com,STUDENT,Playlist_2,Song Title 199,Artist 1,194
user48@example.com,STUDENT,Playlist_0,Song Title 200,Artist 8,154
user6@example.com,STUDENT,Playlist_2,Song Title 201,Artist 13,152
user44@example.com,STUDENT,Playlist_1,Song Title 202,Artist 16,221
user5@example.com,STUDENT,Playlist_0,Song Title 203,Artist 17,180
user21@example.com,PREMIUM,Playlist_2,Song Title 204,Artist 0,215
user27@example.com,STUDENT,Playlist_2,Song Title 205,Artist 15,220
user15@example.com,STUDENT,Playlist_1,Song Title 206,Artist 2,295
user25@example.com,STUDENT,Playlist_2,Song Title 207,Artist 7,299
user27@example.com,PREMIUM,Playlist_2,Song Title 208,Artist 17,183
user38@example.com,FREE,Playlist_1,Song Title 209,Artist 13,171
user43@example.com,FREE,Playlist_1,Song Title 210,Artist 17,167
user31@example.com,STUDENT,Playlist_2,Song Title 211,Artist 12,285
user34@example.com,PREMIUM,Playlist_0,Song Title 212,Artist 0,208
user5@example.com,PREMIUM,Playlist_0,Song Title 213,Artist 15,220
user3@example.com,FREE,Playlist_0,Song Title 214,Artist 18,135
user45@example.com,PREMIUM,Playlist_0,Song Title 215,Artist 13,211
user49@example.com,FREE,Playlist_1,Song Title 216,Artist 3,270
user25@example.com,PREMIUM,Playlist_4,Song Title 217,Artist 1,238
user7@example.com,FREE,Playlist_3,Song Title 218,Artist 9,198
user12@example.com,PREMIUM,Playlist_2,Song Title 219,Artist 1,198
user24@example.com,PREMIUM,Playlist_1,Song Title 220,Artist 18,261
user16@example.com,PREMIUM,Playlist_1,Song Title 221,Artist 6,210
user13@example.com,FREE,Playlist_3,Song Title 222,Artist 8,142
user36@example.com,STUDENT,Playlist_1,Song Title 223,Artist 0,145
user5@example.com,FREE,Playlist_1,Song Title 224,Artist 10,297
user37@example.com,FREE,Playlist_4,Song Title 225,Artist 4,132
user35@example.com,FREE,Playlist_2,Song Title 226,Artist 13,230
user35@example.com,FREE,Playlist_0,Song Title 227,Artist 13,133
user39@example.com,FREE,Playlist_3,Song Title 228,Artist 19,246
user7@example.com,PREMIUM,Playlist_0,Song Title 229,Artist 9,175
user34@example.com,FREE,Playlist_2,Song Title 230,Artist 14,282
user13@example.com,FREE,Playlist_4,Song Title 231,Artist 17,263
user33@example.com,STUDENT,Playlist_2,Song Title 232,Artist 16,243
user46@example.com,STUDENT,Playlist_4,Song Title 233,Artist 18,215
user15@example.com,STUDENT,Playlist_3,Song Title 234,Artist 6,138
user9@example.com,FREE,Playlist_3,Song Title 235,Artist 8,297
user29@example.com,STUDENT,Playlist_3,Song Title 236,Artist 18,136
user15@example.com,FREE,Playlist_0,Song Title 237,Artist 1,272
user20@example.com,STUDENT,Playlist_4,Song Title 238,Artist 18,266
user22@example.com,FREE,Playlist_3,Song Title 239,Artist 6,158
user46@example.com,FREE,Playlist_3,Song Title 240,Artist 10,139
user8@example.com,PREMIUM,Playlist_0,Song Title 241,Artist 15,247
user20@example.com,PREMIUM,Playlist_2,Song Title 242,Artist 18,217
user23@example.com,STUDENT,Playlist_4,Song Title 243,Artist 17,230
user14@example.com,PREMIUM,Playlist_2,Song Title 244,Artist 2,196
user10@example.com,STUDENT,Playlist_1,Song Title 245,Artist 8,262
user27@example.com,FREE,Playlist_1,Song Title 246,Artist 12,180
user24@example.com,PREMIUM,Playlist_4,Song Title 247,Artist 11,294
user6@example.com,FREE,Playlist_3,Song Title 248,Artist 19,228
user37@example.com,PREMIUM,Playlist_4,Song Title 249,Artist 7,279
user46@example.com,FREE,Playlist_1,Song Title 250,Artist 3,211
user44@example.com,FREE,Playlist_0,Song Title 251,Artist 15,150
user41@example.com,FREE,Playlist_2,Song Title 252,Artist 15,143
user5@example.com,PREMIUM,Playlist_1,Song Title 253,Artist 14,191
user42@example.com,FREE,Playlist_3,Song Title 254,Artist 2,188
user18@example.com,PREMIUM,Playlist_4,Song Title 255,Artist 17,138
user47@example.com,FREE,Playlist_3,Song Title 256,Artist 16,127
user42@example.com,STUDENT,Playlist_0,Song Title 257,Artist 19,239
user3@example.com,FREE,Playlist_2,Song Title 258,Artist 10,223
user7@example.com,FREE,Playlist_4,Song Title 259,Artist 6,296
user29@example.com,FREE,Playlist_1,Song Title 260,Artist 13,140
user15@example.com,STUDENT,Playlist_4,Song Title 261,Artist 6,126
user27@example.com,PREMIUM,Playlist_4,Song Title 262,Artist 7,174
user23@example.com,STUDENT,Playlist_1,Song Title 263,Artist 6,256
user27@example.com,STUDENT,Playlist_2,Song Title 264,Artist 14,150
user31@example.com,FREE,Playlist_3,Song Title 265,Artist 17,296
user28@example.com,PREMIUM,Playlist_1,Song Title 266,Artist 17,150
user32@example.com,PREMIUM,Playlist_2,Song Title 267,Artist 6,175
user17@example.com,PREMIUM,Playlist_4,Song Title 268,Artist 14,190
user43@example.com,FREE,Playlist_4,Song Title 269,Artist 4,136
user47@example.com,FREE,Playlist_2,Song Title 270,Artist 12,230
user13@example.com,STUDENT,Playlist_0,Song Title 271,Artist 18,231
user47@example.com,PREMIUM,Playlist_3,Song Title 272,Artist 7,203
user5@example.com,STUDENT,Playlist_2,Song Title 273,Artist 0,141
user28@example.com,STUDENT,Playlist_1,Song Title 274,Artist 0,152
user33@example.com,STUDENT,Playlist_0,Song Title 275,Artist 0,278
user13@example.com,PREMIUM,Playlist_1,Song Title 276,Artist 8,208
user15@example.com,PREMIUM,Playlist_3,Song Title 277,Artist 7,286
user13@example.com,PREMIUM,Playlist_3,Song Title 278,Artist 0,128
user45@example.com,PREMIUM,Playlist_0,Song Title 279,Artist 12,272
user46@example.com,STUDENT,Playlist_3,Song Title 280,Artist 14,199
user12@example.com,FREE,Playlist_2,Song Title 281,Artist 4,280
user38@example.com,STUDENT,Playlist_4,Song Title 282,Artist 1,169
user0@example.com,STUDENT,Playlist_2,Song Title 283,Artist 19,298
user5@example.com,PREMIUM,Playlist_2,Song Title 284,Artist 4,297
user7@example.com,PREMIUM,Playlist_2,Song Title 285,Artist 2,239
user17@example.com,PREMIUM,Playlist_1,Song Title 286,Artist 19,270
user21@example.com,STUDENT,Playlist_2,Song Title 287,Artist 9,244
user33@example.com,STUDENT,Playlist_0,Song Title 288,Artist 12,242
user23@example.com,PREMIUM,Playlist_0,Song Title 289,Artist 9,218
user13@example.com,FREE,Playlist_0,Song Title 290,Artist 15,279
user29@example.com,FREE,Playlist_4,Song Title 291,Artist 11,244
user38@example.com,STUDENT,Playlist_0,Song Title 292,Artist 10,143
user25@example.com,FREE,Playlist_0,Song Title 293,Artist 0,265
user34@example.com,FREE,Playlist_1,Song Title 294,Artist 12,212
user0@example.com,PREMIUM,Playlist_1,Song Title 295,Artist 19,294
user33@example.com,FREE,Playlist_0,Song Title 296,Artist 14,183
user34@example.com,FREE,Playlist_0,Song Title 297,Artist 5,149
user7@example.com,STUDENT,Playlist_4,Song Title 298,Artist 10,214
user38@example.com,STUDENT,Playlist_3,Song Title 299,Artist 2,162
user11@example.com,FREE,Playlist_0,Song Title 300,Artist 10,244
user18@example.com,STUDENT,Playlist_4,Song Title 301,Artist 17,282
user22@example.com,PREMIUM,Playlist_3,Song Title 302,Artist 19,172
user24@example.com,PREMIUM,Playlist_1,Song Title 303,Artist 1,201
user34@example.com,FREE,Playlist_3,Song Title 304,Artist 9,285
user15@example.com,FREE,Playlist_2,Song Title 305,Artist 8,263
user0@example.com,PREMIUM,Playlist_2,Song Title 306,Artist 0,243
user26@example.com,PREMIUM,Playlist_3,Song Title 307,Artist 7,169
user26@example.com,FREE,Playlist_1,Song Title 308,Artist 3,231
user2@example.com,STUDENT,Playlist_2,Song Title 309,Artist 13,152
user13@example.com,FREE,Playlist_1,Song Title 310,Artist 8,176
user47@example.com,PREMIUM,Playlist_4,Song Title 311,Artist 10,217
user10@example.com,STUDENT,Playlist_1,Song Title 312,Artist 15,243
user24@example.com,STUDENT,Playlist_3,Song Title 313,Artist 8,166
user34@example.com,PREMIUM,Playlist_1,Song Title 314,Artist 0,281
user27@example.com,FREE,Playlist_0,Song Title 315,Artist 13,203
user23@example.com,STUDENT,Playlist_1,Song Title 316,Artist 17,231
user14@example.com,STUDENT,Playlist_2,Song Title 317,Artist 12,259
user25@example.com,STUDENT,Playlist_3,Song Title 318,Artist 16,275
user41@example.com,STUDENT,Playlist_1,Song Title 319,Artist 4,142
user27@example.com,STUDENT,Playlist_0,Song Title 320,Artist 19,234
user11@example.com,STUDENT,Playlist_3,Song Title 321,Artist 15,231
user33@example.com,PREMIUM,Playlist_2,Song Title 322,Artist 11,145
user42@example.com,FREE,Playlist_2,Song Title 323,Artist 7,213
user22@example.com,STUDENT,Playlist_2,Song Title 324,Artist 16,172
user49@example.com,FREE,Playlist_1,Song Title 325,Artist 2,287
user40@example.com,PREMIUM,Playlist_0,Song Title 326,Artist 1,228
user15@example.com,PREMIUM,Playlist_0,Song Title 327,Artist 5,135
user23@example.com,PREMIUM,Playlist_3,Song Title 328,Artist 9,280
user11@example.com,PREMIUM,Playlist_0,Song Title 329,Artist 12,140
user47@example.com,FREE,Playlist_0,Song Title 330,Artist 16,189
user1@example.com,STUDENT,Playlist_0,Song Title 331,Artist 1,172
user17@example.com,STUDENT,Playlist_1,Song Title 332,Artist 9,173
user48@example.com,PREMIUM,Playlist_0,Song Title 333,Artist 14,127
user0@example.com,PREMIUM,Playlist_1,Song Title 334,Artist 10,171
user29@example.com,PREMIUM,Playlist_4,Song Title 335,Artist 7,192
user30@example.com,STUDENT,Playlist_0,Song Title 336,Artist 13,175
user13@example.com,FREE,Playlist_2,Song Title 337,Artist 9,166
user7@example.com,FREE,Playlist_4,Song Title 338,Artist 15,146
user42@example.com,FREE,Playlist_1,Song Title 339,Artist 19,205
user21@example.com,STUDENT,Playlist_3,Song Title 340,Artist 5,217
user11@example.com,STUDENT,Playlist_2,Song Title 341,Artist 14,154
user20@example.com,STUDENT,Playlist_3,Song Title 342,Artist 5,179
user36@example.com,FREE,Playlist_4,Song Title 343,Artist 0,214
user23@example.com,PREMIUM,Playlist_1,Song Title 344,Artist 17,243
user23@example.com,FREE,Playlist_2,Song Title 345,Artist 4,140
user34@example.com,PREMIUM,Playlist_4,Song Title 346,Artist 15,211
user46@example.com,PREMIUM,Playlist_2,Song Title 347,Artist 18,298
user32@example.com,STUDENT,Playlist_0,Song Title 348,Artist 3,188
user18@example.com,PREMIUM,Playlist_4,Song Title 349,Artist 3,223
user38@example.com,STUDENT,Playlist_4,Song Title 350,Artist 15,137
user43@example.com,FREE,Playlist_0,Song Title 351,Artist 1,262
user41@example.com,STUDENT,Playlist_1,Song Title 352,Artist 0,249
user41@example.com,PREMIUM,Playlist_3,Song Title 353,Artist 5,294
user40@example.com,STUDENT,Playlist_1,Song Title 354,Artist 9,202
user40@example.com,PREMIUM,Playlist_3,Song Title 355,Artist 1,269
user5@example.com,PREMIUM,Playlist_2,Song Title 356,Artist 10,209
user40@example.com,FREE,Playlist_1,Song Title 357,Artist 15,259
user20@example.com,PREMIUM,Playlist_3,Song Title 358,Artist 11,197
user23@example.com,FREE,Playlist_0,Song Title 359,Artist 7,152
user27@example.com,PREMIUM,Playlist_2,Song Title 360,Artist 6,202
user30@example.com,PREMIUM,Playlist_2,Song Title 361,Artist 7,142
user28@example.com,PREMIUM,Playlist_1,Song Title 362,Artist 14,239
user17@example.com,PREMIUM,Playlist_4,Song Title 363,Artist 2,244
user17@example.com,STUDENT,Playlist_0,Song Title 364,Artist 11,232
user31@example.com,FREE,Playlist_4,Song Title 365,Artist 7,134
user0@example.com,STUDENT,Playlist_1,Song Title 366,Artist 0,225
user2@example.com,FREE,Playlist_1,Song Title 367,Artist 16,246
user35@example.com,PREMIUM,Playlist_3,Song Title 368,Artist 12,294
user4@example.com,PREMIUM,Playlist_3,Song Title 369,Artist 3,125
user48@example.com,STUDENT,Playlist_3,Song Title 370,Artist 6,238
user11@example.com,FREE,Playlist_4,Song Title 371,Artist 6,191
user21@example.com,STUDENT,Playlist_4,Song Title 372,Artist 18,280
user22@example.com,PREMIUM,Playlist_1,Song Title 373,Artist 19,169
user6@example.com,PREMIUM,Playlist_2,Song Title 374,Artist 8,280
user18@example.com,PREMIUM,Playlist_2,Song Title 375,Artist 15,179
user10@example.com,FREE,Playlist_1,Song Title 376,Artist 1,134
user49@example.com,FREE,Playlist_0,Song Title 377,Artist 1,154
user27@example.com,PREMIUM,Playlist_0,Song Title 378,Artist 14,264
user11@example.com,FREE,Playlist_4,Song Title 379,Artist 4,168
user5@example.com,PREMIUM,Playlist_3,Song Title 380,Artist 11,218
user36@example.com,FREE,Playlist_3,Song Title 381,Artist 6,199
user31@example.com,STUDENT,Playlist_3,Song Title 382,Artist 9,133
user46@example.com,PREMIUM,Playlist_0,Song Title 383,Artist 3,288
user15@example.com,FREE,Playlist_2,Song Title 384,Artist 19,261
user43@example.com,PREMIUM,Playlist_0,Song Title 385,Artist 19,246
user37@example.com,FREE,Playlist_0,Song Title 386,Artist 3,154
user16@example.com,STUDENT,Playlist_0,Song Title 387,Artist 1,250
user38@example.com,FREE,Playlist_2,Song Title 388,Artist 16,163
user29@example.com,FREE,Playlist_0,Song Title 389,Artist 0,230
user33@example.com,FREE,Playlist_3,Song Title 390,Artist 18,209
user17@example.com,STUDENT,Playlist_4,Song Title 391,Artist 8,279
user10@example.com,STUDENT,Playlist_3,Song Title 392,Artist 7,167
user39@example.com,FREE,Playlist_0,Song Title 393,Artist 0,224
user2@example.com,FREE,Playlist_1,Song Title 394,Artist 7,278
user15@example.com,PREMIUM,Playlist_1,Song Title 395,Artist 5,200
user26@example.com,PREMIUM,Playlist_4,Song Title 396,Artist 7,123
user29@example.com,FREE,Playlist_1,Song Title 397,Artist 12,235
user4@example.com,STUDENT,Playlist_2,Song Title 398,Artist 15,294
user34@example.com,PREMIUM,Playlist_3,Song Title 399,Artist 15,159
user0@example.com,PREMIUM,Playlist_2,Song Title 400,Artist 10,196
user15@example.com,FREE,Playlist_0,Song Title 401,Artist 3,222
user38@example.com,PREMIUM,Playlist_1,Song Title 402,Artist 1,210
user38@example.com,PREMIUM,Playlist_0,Song Title 403,Artist 9,131
user38@example.com,PREMIUM,Playlist_2,Song Title 404,Artist 9,240
user1@example.com,STUDENT,Playlist_4,Song Title 405,Artist 13,127
user19@example.com,STUDENT,Playlist_0,Song Title 406,Artist 15,166
user18@example.com,PREMIUM,Playlist_1,Song Title 407,Artist 18,209
user18@example.com,PREMIUM,Playlist_2,Song Title 408,Artist 13,264
user30@example.com,PREMIUM,Playlist_2,Song Title 409,Artist 9,274
user16@example.com,FREE,Playlist_2,Song Title 410,Artist 2,223
user10@example.com,FREE,Playlist_4,Song Title 411,Artist 10,151
user42@example.com,PREMIUM,Playlist_1,Song Title 412,Artist 12,281
user49@example.com,STUDENT,Playlist_3,Song Title 413,Artist 8,257
user12@example.com,PREMIUM,Playlist_1,Song Title 414,Artist 13,250
user26@example.com,STUDENT,Playlist_0,Song Title 415,Artist 9,274
user45@example.com,FREE,Playlist_0,Song Title 416,Artist 10,198
user40@example.com,PREMIUM,Playlist_4,Song Title 417,Artist 19,164
user22@example.com,STUDENT,Playlist_4,Song Title 418,Artist 7,189
user26@example.com,PREMIUM,Playlist_2,Song Title 419,Artist 18,141
user41@example.com,PREMIUM,Playlist_4,Song Title 420,Artist 7,132
user39@example.com,FREE,Playlist_0,Song Title 421,Artist 19,274
user4@example.com,FREE,Playlist_4,Song Title 422,Artist 19,175
user28@example.com,STUDENT,Playlist_1,Song Title 423,Artist 2,147
user35@example.com,FREE,Playlist_2,Song Title 424,Artist 16,185
user14@example.com,STUDENT,Playlist_2,Song Title 425,Artist 12,241
user7@example.com,STUDENT,Playlist_1,Song Title 426,Artist 9,247
user30@example.com,STUDENT,Playlist_3,Song Title 427,Artist 6,274
user32@example.com,PREMIUM,Playlist_3,Song Title 428,Artist 5,126
user3@example.com,STUDENT,Playlist_4,Song Title 429,Artist 11,177
user13@example.com,PREMIUM,Playlist_1,Song Title 430,Artist 0,266
user22@example.com,FREE,Playlist_2,Song Title 431,Artist 15,298
user23@example.com,PREMIUM,Playlist_1,Song Title 432,Artist 6,163
user0@example.com,STUDENT,Playlist_4,Song Title 433,Artist 6,151
user18@example.com,FREE,Playlist_2,Song Title 434,Artist 9,145
user22@example.com,FREE,Playlist_2,Song Title 435,Artist 15,211
user22@example.com,STUDENT,Playlist_2,Song Title 436,Artist 14,120
user20@example.com,PREMIUM,Playlist_4,Song Title 437,Artist 12,162
user18@example.com,PREMIUM,Playlist_0,Song Title 438,Artist 2,171
user33@example.com,PREMIUM,Playlist_1,Song Title 439,Artist 13,201
user33@example.com,PREMIUM,Playlist_0,Song Title 440,Artist 0,166
user3@example.com,PREMIUM,Playlist_3,Song Title 441,Artist 19,213
user6@example.com,PREMIUM,Playlist_4,Song Title 442,Artist 12,233
user40@example.com,FREE,Playlist_1,Song Title 443,Artist 9,184
user30@example.com,STUDENT,Playlist_2,Song Title 444,Artist 12,175
user46@example.com,STUDENT,Playlist_0,Song Title 445,Artist 8,233
user17@example.com,STUDENT,Playlist_2,Song Title 446,Artist 6,160
user21@example.com,STUDENT,Playlist_2,Song Title 447,Artist 12,144
user38@example.com,STUDENT,Playlist_0,Song Title 448,Artist 16,242
user15@example.com,PREMIUM,Playlist_3,Song Title 449,Artist 9,171
user24@example.com,PREMIUM,Playlist_0,Song Title 450,Artist 7,287
user12@example.com,STUDENT,Playlist_4,Song Title 451,Artist 12,257
user18@example.com,STUDENT,Playlist_3,Song Title 452,Artist 7,224
user25@example.com,FREE,Playlist_0,Song Title 453,Artist 8,202
user13@example.com,FREE,Playlist_4,Song Title 454,Artist 6,192
user18@example.com,PREMIUM,Playlist_4,Song Title 455,Artist 9,191
user28@example.com,STUDENT,Playlist_3,Song Title 456,Artist 3,266
user28@example.com,FREE,Playlist_1,Song Title 457,Artist 17,286
user19@example.com,FREE,Playlist_4,Song Title 458,Artist 0,255
user10@example.com,STUDENT,Playlist_2,Song Title 459,Artist 7,134
user35@example.com,PREMIUM,Playlist_2,Song Title 460,Artist 15,137
user12@example.com,STUDENT,Playlist_0,Song Title 461,Artist 19,220
user44@example.com,PREMIUM,Playlist_0,Song Title 462,Artist 7,295
user43@example.com,PREMIUM,Playlist_2,Song Title 463,Artist 17,151
user28@example.com,PREMIUM,Playlist_3,Song Title 464,Artist 12,248
user27@example.com,PREMIUM,Playlist_4,Song Title 465,Artist 9,192
user6@example.com,STUDENT,Playlist_1,Song Title 466,Artist 4,228
user7@example.com,FREE,Playlist_4,Song Title 467,Artist 16,215
user32@example.com,PREMIUM,Playlist_0,Song Title 468,Artist 7,273
user28@example.com,FREE,Playlist_0,Song Title 469,Artist 19,172
user21@example.com,FREE,Playlist_3,Song Title 470,Artist 13,127
user28@example.com,FREE,Playlist_4,Song Title 471,Artist 14,219
user23@example.com,PREMIUM,Playlist_2,Song Title 472,Artist 3,128
user33@example.com,FREE,Playlist_2,Song Title 473,Artist 17,124
user24@example.com,FREE,Playlist_3,Song Title 474,Artist 15,122
user6@example.com,STUDENT,Playlist_1,Song Title 475,Artist 7,246
user4@example.com,STUDENT,Playlist_3,Song Title 476,Artist 10,172
user18@example.com,FREE,Playlist_3,Song Title 477,Artist 5,235
user19@example.com,STUDENT,Playlist_2,Song Title 478,Artist 13,280
user4@example.com,FREE,Playlist_2,Song Title 479,Artist 2,210
user17@example.com,STUDENT,Playlist_4,Song Title 480,Artist 5,243
user27@example.com,PREMIUM,Playlist_2,Song Title 481,Artist 14,121
user42@example.com,STUDENT,Playlist_2,Song Title 482,Artist 0,268
user16@example.com,FREE,Playlist_2,Song Title 483,Artist 5,159
user17@example.com,PREMIUM,Playlist_0,Song Title 484,Artist 8,174
user43@example.com,FREE,Playlist_4,Song Title 485,Artist 15,225
user17@example.com,PREMIUM,Playlist_0,Song Title 486,Artist 9,229
user16@example.com,PREMIUM,Playlist_1,Song Title 487,Artist 11,299
user9@example.com,STUDENT,Playlist_1,Song Title 488,Artist 8,172
user41@example.com,STUDENT,Playlist_2,Song Title 489,Artist 7,299
user20@example.com,STUDENT,Playlist_4,Song Title 490,Artist 19,149
user47@example.com,PREMIUM,Playlist_3,Song Title 491,Artist 10,266
user28@example.com,PREMIUM,Playlist_3,Song Title 492,Artist 2,171
user11@example.com,PREMIUM,Playlist_4,Song Title 493,Artist 2,241
user12@example.com,PREMIUM,Playlist_4,Song Title 494,Artist 6,147
user8@example.com,STUDENT,Playlist_4,Song Title 495,Artist 18,296
user19@example.com,FREE,Playlist_0,Song Title 496,Artist 18,256
user19@example.com,FREE,Playlist_4,Song Title 497,Artist 8,214
user25@example.com,FREE,Playlist_4,Song Title 498,Artist 0,127
user26@example.com,STUDENT,Playlist_1,Song Title 499,Artist 1,284
user30@example.com,PREMIUM,Playlist_0,Song Title 500,Artist 14,122
user22@example.com,PREMIUM,Playlist_4,Song Title 501,Artist 12,153
user13@example.com,PREMIUM,Playlist_4,Song Title 502,Artist 16,275
user3@example.com,PREMIUM,Playlist_2,Song Title 503,Artist 1,187
user34@example.com,FREE,Playlist_0,Song Title 504,Artist 1,251
user46@example.com,PREMIUM,Playlist_2,Song Title 505,Artist 9,265
user29@example.com,FREE,Playlist_2,Song Title 506,Artist 5,200
user43@example.com,PREMIUM,Playlist_3,Song Title 507,Artist 8,286
user31@example.com,FREE,Playlist_4,Song Title 508,Artist 16,223
user21@example.com,STUDENT,Playlist_0,Song Title 509,Artist 0,124
user42@example.com,STUDENT,Playlist_3,Song Title 510,Artist 6,160
user15@example.com,PREMIUM,Playlist_2,Song Title 511,Artist 4,122
user35@example.com,PREMIUM,Playlist_2,Song Title 512,Artist 14,215
user8@example.com,STUDENT,Playlist_2,Song Title 513,Artist 4,121
user3@example.com,FREE,Playlist_2,Song Title 514,Artist 14,145
user48@example.com,STUDENT,Playlist_0,Song Title 515,Artist 10,169
user37@example.com,FREE,Playlist_3,Song Title 516,Artist 12,126
user20@example.com,PREMIUM,Playlist_3,Song Title 517,Artist 0,212
user44@example.com,FREE,Playlist_3,Song Title 518,Artist 8,135
user41@example.com,FREE,Playlist_0,Song Title 519,Artist 18,280
user25@example.com,FREE,Playlist_1,Song Title 520,Artist 14,215
user40@example.com,STUDENT,Playlist_0,Song Title 521,Artist 11,297
user21@example.com,STUDENT,Playlist_2,Song Title 522,Artist 5,144
user32@example.com,PREMIUM,Playlist_2,Song Title 523,Artist 2,200
user5@example.com,STUDENT,Playlist_1,Song Title 524,Artist 17,238
user42@example.com,STUDENT,Playlist_0,Song Title 525,Artist 11,287
user20@example.com,PREMIUM,Playlist_4,Song Title 526,Artist 19,228
user22@example.com,STUDENT,Playlist_3,Song Title 527,Artist 17,123
user37@example.com,PREMIUM,Playlist_0,Song Title 528,Artist 1,219
user9@example.com,FREE,Playlist_4,Song Title 529,Artist 7,229
user3@example.com,PREMIUM,Playlist_1,Song Title 530,Artist 2,188
user41@example.com,FREE,Playlist_3,Song Title 531,Artist 10,204
user8@example.com,FREE,Playlist_1,Song Title 532,Artist 5,279
user46@example.com,PREMIUM,Playlist_2,Song Title 533,Artist 14,127
user38@example.com,FREE,Playlist_0,Song Title 534,Artist 2,285
user23@example.com,PREMIUM,Playlist_2,Song Title 535,Artist 0,279
user17@example.com,PREMIUM,Playlist_4,Song Title 536,Artist 4,287
user28@example.com,PREMIUM,Playlist_3,Song Title 537,Artist 12,230
user17@example.com,PREMIUM,Playlist_0,Song Title 538,Artist 3,178
user11@example.com,FREE,Playlist_2,Song Title 539,Artist 9,174
user24@example.com,PREMIUM,Playlist_1,Song Title 540,Artist 11,274
user5@example.com,FREE,Playlist_2,Song Title 541,Artist 2,227
user26@example.com,FREE,Playlist_4,Song Title 542,Artist 5,187
user27@example.com,PREMIUM,Playlist_4,Song Title 543,Artist 1,275
user36@example.com,FREE,Playlist_3,Song Title 544,Artist 3,124
user36@example.com,PREMIUM,Playlist_1,Song Title 545,Artist 7,205
user45@example.com,PREMIUM,Playlist_4,Song Title 546,Artist 5,256
user15@example.com,PREMIUM,Playlist_4,Song Title 547,Artist 14,136
user19@example.com,PREMIUM,Playlist_4,Song Title 548,Artist 14,192
user19@example.com,FREE,Playlist_0,Song Title 549,Artist 16,216
user48@example.com,PREMIUM,Playlist_2,Song Title 550,Artist 8,277
user38@example.com,FREE,Playlist_0,Song Title 551,Artist 1,176
user33@example.com,FREE,Playlist_0,Song Title 552,Artist 15,235
user29@example.com,STUDENT,Playlist_1,Song Title 553,Artist 0,252
user6@example.com,STUDENT,Playlist_1,Song Title 554,Artist 13,162
user43@example.com,FREE,Playlist_2,Song Title 555,Artist 0,278
user39@example.com,PREMIUM,Playlist_2,Song Title 556,Artist 16,152
user45@example.com,STUDENT,Playlist_3,Song Title 557,Artist 4,258
user10@example.com,STUDENT,Playlist_2,Song Title 558,Artist 3,227
user25@example.com,PREMIUM,Playlist_0,Song Title 559,Artist 7,161
user21@example.com,FREE,Playlist_2,Song Title 560,Artist 3,156
user18@example.com,FREE,Playlist_4,Song Title 561,Artist 11,264
user6@example.com,FREE,Playlist_4,Song Title 562,Artist 18,297
user17@example.com,STUDENT,Playlist_4,Song Title 563,Artist 0,185
user44@example.com,STUDENT,Playlist_2,Song Title 564,Artist 10,210
user3@example.com,STUDENT,Playlist_4,Song Title 565,Artist 15,129
user33@example.com,FREE,Playlist_4,Song Title 566,Artist 3,207
user29@example.com,FREE,Playlist_0,Song Title 567,Artist 4,153
user20@example.com,STUDENT,Playlist_0,Song Title 568,Artist 2,259
user45@example.com,FREE,Playlist_2,Song Title 569,Artist 16,134
user41@example.com,FREE,Playlist_1,Song Title 570,Artist 12,171
user37@example.com,STUDENT,Playlist_2,Song Title 571,Artist 9,290
user35@example.com,STUDENT,Playlist_4,Song Title 572,Artist 17,248
user26@example.com,FREE,Playlist_4,Song Title 573,Artist 11,266
user8@example.com,PREMIUM,Playlist_1,Song Title 574,Artist 2,136
user30@example.com,FREE,Playlist_0,Song Title 575,Artist 8,234
user9@example.com,FREE,Playlist_1,Song Title 576,Artist 7,277
user25@example.com,STUDENT,Playlist_4,Song Title 577,Artist 9,207
user15@example.com,STUDENT,Playlist_0,Song Title 578,Artist 15,206
user33@example.com,STUDENT,Playlist_3,Song Title 579,Artist 13,260
user39@example.com,STUDENT,Playlist_1,Song Title 580,Artist 4,257
user28@example.com,PREMIUM,Playlist_2,Song Title 581,Artist 15,267
user40@example.com,STUDENT,Playlist_1,Song Title 582,Artist 1,264
user44@example.com,PREMIUM,Playlist_4,Song Title 583,Artist 8,213
user1@example.com,STUDENT,Playlist_0,Song Title 584,Artist 9,178
user35@example.com,PREMIUM,Playlist_1,Song Title 585,Artist 2,231
user13@example.com,PREMIUM,Playlist_0,Song Title 586,Artist 9,152
user22@example.com,FREE,Playlist_4,Song Title 587,Artist 9,145
user4@example.com,STUDENT,Playlist_3,Song Title 588,Artist 3,127
user46@example.com,STUDENT,Playlist_3,Song Title 589,Artist 16,227
user23@example.com,STUDENT,Playlist_4,Song Title 590,Artist 1,196
user8@example.com,FREE,Playlist_4,Song Title 591,Artist 12,276
user28@example.com,FREE,Playlist_4,Song Title 592,Artist 7,183
user28@example.com,PREMIUM,Playlist_0,Song Title 593,Artist 4,296
user28@example.com,FREE,Playlist_3,Song Title 594,Artist 12,138
user25@example.com,PREMIUM,Playlist_0,Song Title 595,Artist 5,134
user2@example.com,PREMIUM,Playlist_0,Song Title 596,Artist 4,163
user43@example.com,PREMIUM,Playlist_2,Song Title 597,Artist 15,157
user9@example.com,STUDENT,Playlist_4,Song Title 598,Artist 2,129
user23@example.com,FREE,Playlist_1,Song Title 599,Artist 15,239
user39@example.com,PREMIUM,Playlist_0,Song Title 600,Artist 0,228
user29@example.com,STUDENT,Playlist_2,Song Title 601,Artist 15,264
user13@example.com,STUDENT,Playlist_3,Song Title 602,Artist 9,136
user17@example.com,STUDENT,Playlist_4,Song Title 603,Artist 13,145
user10@example.com,STUDENT,Playlist_2,Song Title 604,Artist 16,177
user34@example.com,PREMIUM,Playlist_4,Song Title 605,Artist 14,265
user12@example.com,STUDENT,Playlist_1,Song Title 606,Artist 3,273
user26@example.com,FREE,Playlist_3,Song Title 607,Artist 10,126
user22@example.com,FREE,Playlist_1,Song Title 608,Artist 4,217
user40@example.com,STUDENT,Playlist_2,Song Title 609,Artist 3,264
user40@example.com,PREMIUM,Playlist_1,Song Title 610,Artist 1,178
user9@example.com,FREE,Playlist_0,Song Title 611,Artist 7,243
user46@example.com,PREMIUM,Playlist_0,Song Title 612,Artist 19,233
user18@example.com,FREE,Playlist_3,Song Title 613,Artist 17,177
user0@example.com,FREE,Playlist_4,Song Title 614,Artist 2,269
user16@example.com,PREMIUM,Playlist_3,Song Title 615,Artist 17,184
user9@example.com,STUDENT,Playlist_1,Song Title 616,Artist 6,121
user4@example.com,FREE,Playlist_2,Song Title 617,Artist 12,175
user13@example.com,STUDENT,Playlist_1,Song Title 618,Artist 6,256
user19@example.com,PREMIUM,Playlist_1,Song Title 619,Artist 9,211
user47@example.com,PREMIUM,Playlist_1,Song Title 620,Artist 6,249
user12@example.com,STUDENT,Playlist_3,Song Title 621,Artist 14,269
user30@example.com,PREMIUM,Playlist_0,Song Title 622,Artist 19,179
user24@example.com,STUDENT,Playlist_0,Song Title 623,Artist 7,138
user4@example.com,PREMIUM,Playlist_4,Song Title 624,Artist 8,221
user36@example.com,STUDENT,Playlist_0,Song Title 625,Artist 11,228
user46@example.com,PREMIUM,Playlist_3,Song Title 626,Artist 5,272
user12@example.com,FREE,Playlist_0,Song Title 627,Artist 9,267
user34@example.com,STUDENT,Playlist_3,Song Title 628,Artist 10,148
user38@example.com,PREMIUM,Playlist_4,Song Title 629,Artist 4,129
user39@example.com,FREE,Playlist_1,Song Title 630,Artist 16,143
user14@example.com,STUDENT,Playlist_4,Song Title 631,Artist 11,229
user1@example.com,FREE,Playlist_1,Song Title 632,Artist 18,270
user30@example.com,STUDENT,Playlist_0,Song Title 633,Artist 13,240
user26@example.com,STUDENT,Playlist_3,Song Title 634,Artist 19,189
user38@example.com,FREE,Playlist_3,Song Title 635,Artist 5,173
user45@example.com,PREMIUM,Playlist_0,Song Title 636,Artist 3,201
user12@example.com,PREMIUM,Playlist_0,Song Title 637,Artist 4,297
user31@example.com,STUDENT,Playlist_0,Song Title 638,Artist 3,258
user3@example.com,STUDENT,Playlist_4,Song Title 639,Artist 11,243
user38@example.com,FREE,Playlist_4,Song Title 640,Artist 1,180
user16@example.com,FREE,Playlist_0,Song Title 641,Artist 17,217
user19@example.com,PREMIUM,Playlist_3,Song Title 642,Artist 3,254
user18@example.com,FREE,Playlist_0,Song Title 643,Artist 7,245
user38@example.com,PREMIUM,Playlist_4,Song Title 644,Artist 11,187
user27@example.com,PREMIUM,Playlist_3,Song Title 645,Artist 14,269
user35@example.com,STUDENT,Playlist_4,Song Title 646,Artist 12,286
user32@example.com,PREMIUM,Playlist_1,Song Title 647,Artist 12,244
user14@example.com,FREE,Playlist_3,Song Title 648,Artist 8,208
user11@example.com,FREE,Playlist_4,Song Title 649,Artist 6,122
user38@example.com,FREE,Playlist_3,Song Title 650,Artist 1,251
user9@example.com,STUDENT,Playlist_3,Song Title 651,Artist 1,252
user4@example.com,STUDENT,Playlist_4,Song Title 652,Artist 3,148
user42@example.com,PREMIUM,Playlist_4,Song Title 653,Artist 3,231
user19@example.com,STUDENT,Playlist_2,Song Title 654,Artist 15,196
user18@example.com,STUDENT,Playlist_4,Song Title 655,Artist 10,207
user0@example.com,FREE,Playlist_4,Song Title 656,Artist 18,203
user21@example.com,PREMIUM,Playlist_0,Song Title 657,Artist 18,255
user3@example.com,STUDENT,Playlist_0,Song Title 658,Artist 7,168
user27@example.com,STUDENT,Playlist_1,Song Title 659,Artist 16,295
user12@example.com,FREE,Playlist_2,Song Title 660,Artist 0,299
user14@example.com,STUDENT,Playlist_1,Song Title 661,Artist 14,126
user18@example.com,FREE,Playlist_4,Song Title 662,Artist 7,293
user14@example.com,FREE,Playlist_1,Song Title 663,Artist 15,164
user2@example.com,STUDENT,Playlist_3,Song Title 664,Artist 19,276
user49@example.com,PREMIUM,Playlist_4,Song Title 665,Artist 19,207
user9@example.com,STUDENT,Playlist_0,Song Title 666,Artist 3,243
user40@example.com,FREE,Playlist_3,Song Title 667,Artist 13,212
user7@example.com,PREMIUM,Playlist_3,Song Title 668,Artist 8,135
user37@example.com,STUDENT,Playlist_2,Song Title 669,Artist 11,186
user9@example.com,FREE,Playlist_4,Song Title 670,Artist 16,174
user48@example.com,STUDENT,Playlist_2,Song Title 671,Artist 1,286
user29@example.com,FREE,Playlist_1,Song Title 672,Artist 7,260
user29@example.com,STUDENT,Playlist_1,Song Title 673,Artist 10,283
user46@example.com,PREMIUM,Playlist_2,Song Title 674,Artist 0,242
user22@example.com,STUDENT,Playlist_1,Song Title 675,Artist 15,222
user9@example.com,PREMIUM,Playlist_1,Song Title 676,Artist 13,286
user1@example.com,STUDENT,Playlist_0,Song Title 677,Artist 19,270
user11@example.com,STUDENT,Playlist_2,Song Title 678,Artist 16,168
user15@example.com,FREE,Playlist_2,Song Title 679,Artist 0,263
user23@example.com,PREMIUM,Playlist_4,Song Title 680,Artist 18,275
user38@example.com,PREMIUM,Playlist_3,Song Title 681,Artist 12,299
user28@example.com,FREE,Playlist_3,Song Title 682,Artist 4,265
user17@example.com,FREE,Playlist_0,Song Title 683,Artist 0,249
user27@example.com,PREMIUM,Playlist_1,Song Title 684,Artist 19,188
user2@example.com,FREE,Playlist_3,Song Title 685,Artist 18,171
user4@example.com,PREMIUM,Playlist_0,Song Title 686,Artist 2,232
user7@example.com,STUDENT,Playlist_1,Song Title 687,Artist 2,218
user41@example.com,FREE,Playlist_0,Song Title 688,Artist 11,153
user3@example.com,FREE,Playlist_0,Song Title 689,Artist 5,254
user20@example.com,FREE,Playlist_1,Song Title 690,Artist 10,149
user43@example.com,PREMIUM,Playlist_0,Song Title 691,Artist 0,155
user41@example.com,STUDENT,Playlist_4,Song Title 692,Artist 19,158
user40@example.com,STUDENT,Playlist_1,Song Title 693,Artist 11,189
user27@example.com,FREE,Playlist_3,Song Title 694,Artist 17,297
user7@example.com,FREE,Playlist_0,Song Title 695,Artist 18,146
user14@example.com,STUDENT,Playlist_1,Song Title 696,Artist 4,174
user48@example.com,STUDENT,Playlist_2,Song Title 697,Artist 2,185
user15@example.com,STUDENT,Playlist_0,Song Title 698,Artist 19,287
user38@example.com,STUDENT,Playlist_4,Song Title 699,Artist 9,146
user45@example.com,PREMIUM,Playlist_0,Song Title 700,Artist 7,251
user23@example.com,PREMIUM,Playlist_1,Song Title 701,Artist 3,167
user28@example.com,PREMIUM,Playlist_0,Song Title 702,Artist 8,266
user18@example.com,PREMIUM,Playlist_3,Song Title 703,Artist 19,283
user36@example.com,FREE,Playlist_4,Song Title 704,Artist 12,138
user9@example.com,PREMIUM,Playlist_4,Song Title 705,Artist 0,250
user35@example.com,PREMIUM,Playlist_4,Song Title 706,Artist 17,257
user29@example.com,PREMIUM,Playlist_1,Song Title 707,Artist 10,166
user20@example.com,STUDENT,Playlist_0,Song Title 708,Artist 17,282
user23@example.com,PREMIUM,Playlist_3,Song Title 709,Artist 19,153
user7@example.com,STUDENT,Playlist_1,Song Title 710,Artist 3,186
user29@example.com,PREMIUM,Playlist_1,Song Title 711,Artist 6,231
user34@example.com,PREMIUM,Playlist_1,Song Title 712,Artist 15,299
user35@example.com,PREMIUM,Playlist_0,Song Title 713,Artist 12,225
user19@example.com,FREE,Playlist_3,Song Title 714,Artist 5,270
user33@example.com,FREE,Playlist_2,Song Title 715,Artist 8,278
user45@example.com,FREE,Playlist_2,Song Title 716,Artist 18,198
user3@example.com,STUDENT,Playlist_3,Song Title 717,Artist 18,285
user16@example.com,FREE,Playlist_3,Song Title 718,Artist 8,257
user9@example.com,PREMIUM,Playlist_4,Song Title 719,Artist 15,297
user16@example.com,PREMIUM,Playlist_3,Song Title 720,Artist 14,254
user47@example.com,PREMIUM,Playlist_3,Song Title 721,Artist 16,201
user10@example.com,FREE,Playlist_0,Song Title 722,Artist 14,128
user43@example.com,PREMIUM,Playlist_3,Song Title 723,Artist 7,172
user23@example.com,PREMIUM,Playlist_1,Song Title 724,Artist 10,215
user15@example.com,STUDENT,Playlist_0,Song Title 725,Artist 4,285
user46@example.com,STUDENT,Playlist_0,Song Title 726,Artist 0,279
user24@example.com,STUDENT,Playlist_1,Song Title 727,Artist 13,197
user38@example.com,FREE,Playlist_1,Song Title 728,Artist 5,231
user32@example.com,STUDENT,Playlist_3,Song Title 729,Artist 3,180
user3@example.com,FREE,Playlist_3,Song Title 730,Artist 18,146
user3@example.com,FREE,Playlist_2,Song Title 731,Artist 9,297
user13@example.com,FREE,Playlist_0,Song Title 732,Artist 8,178
user32@example.com,FREE,Playlist_4,Song Title 733,Artist 14,126
user38@example.com,STUDENT,Playlist_4,Song Title 734,Artist 5,225
user18@example.com,PREMIUM,Playlist_3,Song Title 735,Artist 17,175
user36@example.com,FREE,Playlist_0,Song Title 736,Artist 6,258
user18@example.com,STUDENT,Playlist_4,Song Title 737,Artist 18,214
user31@example.com,STUDENT,Playlist_0,Song Title 738,Artist 19,147
user1@example.com,STUDENT,Playlist_2,Song Title 739,Artist 17,267
user1@example.com,PREMIUM,Playlist_4,Song Title 740,Artist 6,277
user21@example.com,PREMIUM,Playlist_3,Song Title 741,Artist 6,264
user38@example.com,PREMIUM,Playlist_4,Song Title 742,Artist 4,139
user12@example.com,STUDENT,Playlist_4,Song Title 743,Artist 9,191
user21@example.com,PREMIUM,Playlist_2,Song Title 744,Artist 19,286
user10@example.com,PREMIUM,Playlist_2,Song Title 745,Artist 13,174
user20@example.com,PREMIUM,Playlist_3,Song Title 746,Artist 0,275
user8@example.com,FREE,Playlist_2,Song Title 747,Artist 0,151
user45@example.com,FREE,Playlist_4,Song Title 748,Artist 19,265
user48@example.com,STUDENT,Playlist_1,Song Title 749,Artist 6,215
user7@example.com,PREMIUM,Playlist_1,Song Title 750,Artist 11,251
user24@example.com,STUDENT,Playlist_3,Song Title 751,Artist 3,212
user32@example.com,STUDENT,Playlist_2,Song Title 752,Artist 12,155
user46@example.com,STUDENT,Playlist_3,Song Title 753,Artist 15,228
user46@example.com,FREE,Playlist_3,Song Title 754,Artist 2,212
user44@example.com,PREMIUM,Playlist_0,Song Title 755,Artist 6,252
user3@example.com,STUDENT,Playlist_0,Song Title 756,Artist 5,175
user0@example.com,PREMIUM,Playlist_0,Song Title 757,Artist 16,166
user30@example.com,PREMIUM,Playlist_4,Song Title 758,Artist 12,166
user18@example.com,STUDENT,Playlist_1,Song Title 759,Artist 5,278
user12@example.com,PREMIUM,Playlist_4,Song Title 760,Artist 2,299
user2@example.com,FREE,Playlist_0,Song Title 761,Artist 13,168
user25@example.com,FREE,Playlist_1,Song Title 762,Artist 5,152
user7@example.com,STUDENT,Playlist_3,Song Title 763,Artist 19,275
user37@example.com,FREE,Playlist_0,Song Title 764,Artist 18,247
user30@example.com,STUDENT,Playlist_3,Song Title 765,Artist 19,268
user47@example.com,STUDENT,Playlist_1,Song Title 766,Artist 13,137
user15@example.com,STUDENT,Playlist_3,Song Title 767,Artist 10,123
user38@example.com,PREMIUM,Playlist_0,Song Title 768,Artist 0,204
user2@example.com,PREMIUM,Playlist_3,Song Title 769,Artist 8,258
user31@example.com,STUDENT,Playlist_0,Song Title 770,Artist 18,186
user5@example.com,STUDENT,Playlist_3,Song Title 771,Artist 19,168
user48@example.com,PREMIUM,Playlist_0,Song Title 772,Artist 3,155
user11@example.com,STUDENT,Playlist_2,Song Title 773,Artist 7,180
user44@example.com,STUDENT,Playlist_2,Song Title 774,Artist 16,209
user47@example.com,FREE,Playlist_4,Song Title 775,Artist 19,274
user30@example.com,STUDENT,Playlist_3,Song Title 776,Artist 6,175
user12@example.com,FREE,Playlist_1,Song Title 777,Artist 6,234
user25@example.com,FREE,Playlist_4,Song Title 778,Artist 2,167
user34@example.com,STUDENT,Playlist_3,Song Title 779,Artist 16,136
user21@example.com,STUDENT,Playlist_0,Song Title 780,Artist 4,217
user25@example.com,STUDENT,Playlist_3,Song Title 781,Artist 14,183
user27@example.com,PREMIUM,Playlist_4,Song Title 782,Artist 4,198
user27@example.com,PREMIUM,Playlist_2,Song Title 783,Artist 10,177
user1@example.com,PREMIUM,Playlist_3,Song Title 784,Artist 11,152
user2@example.com,PREMIUM,Playlist_1,Song Title 785,Artist 9,147
user28@example.com,STUDENT,Playlist_3,Song Title 786,Artist 11,156
user25@example.com,STUDENT,Playlist_1,Song Title 787,Artist 2,155
user29@example.com,PREMIUM,Playlist_1,Song Title 788,Artist 14,241
user36@example.com,STUDENT,Playlist_4,Song Title 789,Artist 4,241
user3@example.com,PREMIUM,Playlist_3,Song Title 790,Artist 6,266
user11@example.com,FREE,Playlist_4,Song Title 791,Artist 12,242
user9@example.com,FREE,Playlist_1,Song Title 792,Artist 13,274
user46@example.com,PREMIUM,Playlist_4,Song Title 793,Artist 10,176
user35@example.com,STUDENT,Playlist_3,Song Title 794,Artist 18,174
user20@example.com,PREMIUM,Playlist_1,Song Title 795,Artist 14,293
user18@example.com,FREE,Playlist_1,Song Title 796,Artist 8,130
user3@example.com,PREMIUM,Playlist_1,Song Title 797,Artist 17,122
user21@example.com,PREMIUM,Playlist_4,Song Title 798,Artist 8,123
user21@example.com,FREE,Playlist_2,Song Title 799,Artist 3,184
user21@example.com,FREE,Playlist_0,Song Title 800,Artist 13,207
user15@example.com,STUDENT,Playlist_1,Song Title 801,Artist 17,152
user31@example.com,FREE,Playlist_3,Song Title 802,Artist 4,128
user30@example.com,PREMIUM,Playlist_3,Song Title 803,Artist 8,239
user45@example.com,STUDENT,Playlist_0,Song Title 804,Artist 10,212
user6@example.com,STUDENT,Playlist_4,Song Title 805,Artist 10,241
user15@example.com,PREMIUM,Playlist_4,Song Title 806,Artist 1,136
user32@example.com,FREE,Playlist_4,Song Title 807,Artist 4,260
user19@example.com,STUDENT,Playlist_0,Song Title 808,Artist 5,200
user26@example.com,FREE,Playlist_4,Song Title 809,Artist 1,251
user19@example.com,FREE,Playlist_0,Song Title 810,Artist 6,153
user39@example.com,FREE,Playlist_2,Song Title 811,Artist 9,130
user40@example.com,STUDENT,Playlist_0,Song Title 812,Artist 2,230
user25@example.com,PREMIUM,Playlist_2,Song Title 813,Artist 11,269
user0@example.com,FREE,Playlist_0,Song Title 814,Artist 16,261
user8@example.com,PREMIUM,Playlist_2,Song Title 815,Artist 7,131
user22@example.com,STUDENT,Playlist_2,Song Title 816,Artist 12,176
user24@example.com,FREE,Playlist_2,Song Title 817,Artist 6,218
user33@example.com,FREE,Playlist_1,Song Title 818,Artist 15,174
user32@example.com,FREE,Playlist_4,Song Title 819,Artist 8,283
user22@example.com,PREMIUM,Playlist_0,Song Title 820,Artist 17,167
user33@example.com,FREE,Playlist_3,Song Title 821,Artist 14,171
user11@example.com,PREMIUM,Playlist_3,Song Title 822,Artist 16,142
user39@example.com,PREMIUM,Playlist_2,Song Title 823,Artist 10,234
user46@example.com,PREMIUM,Playlist_1,Song Title 824,Artist 6,171
user1@example.com,FREE,Playlist_0,Song Title 825,Artist 16,261
user34@example.com,STUDENT,Playlist_0,Song Title 826,Artist 8,222
user8@example.com,FREE,Playlist_1,Song Title 827,Artist 13,244
user3@example.com,STUDENT,Playlist_3,Song Title 828,Artist 1,287
user39@example.com,FREE,Playlist_0,Song Title 829,Artist 1,156
user45@example.com,FREE,Playlist_2,Song Title 830,Artist 12,297
user27@example.com,STUDENT,Playlist_2,Song Title 831,Artist 10,234
user14@example.com,FREE,Playlist_0,Song Title 832,Artist 0,198
user29@example.com,FREE,Playlist_2,Song Title 833,Artist 10,262
user16@example.com,PREMIUM,Playlist_2,Song Title 834,Artist 10,203
user33@example.com,PREMIUM,Playlist_3,Song Title 835,Artist 3,207
user3@example.com,FREE,Playlist_2,Song Title 836,Artist 7,140
user45@example.com,STUDENT,Playlist_1,Song Title 837,Artist 7,245
user17@example.com,PREMIUM,Playlist_4,Song Title 838,Artist 6,223
user32@example.com,PREMIUM,Playlist_2,Song Title 839,Artist 16,170
user5@example.com,PREMIUM,Playlist_4,Song Title 840,Artist 8,166
user38@example.com,STUDENT,Playlist_0,Song Title 841,Artist 19,217
user15@example.com,STUDENT,Playlist_0,Song Title 842,Artist 4,204
user20@example.com,FREE,Playlist_1,Song Title 843,Artist 14,297
user47@example.com,STUDENT,Playlist_3,Song Title 844,Artist 9,171
user15@example.com,PREMIUM,Playlist_3,Song Title 845,Artist 6,299
user36@example.com,FREE,Playlist_3,Song Title 846,Artist 1,240
user34@example.com,PREMIUM,Playlist_2,Song Title 847,Artist 10,256
user4@example.com,STUDENT,Playlist_2,Song Title 848,Artist 4,136
user45@example.com,FREE,Playlist_1,Song Title 849,Artist 3,120
user26@example.com,STUDENT,Playlist_3,Song Title 850,Artist 10,271
user44@example.com,PREMIUM,Playlist_3,Song Title 851,Artist 10,194
user12@example.com,PREMIUM,Playlist_4,Song Title 852,Artist 17,218
user13@example.com,FREE,Playlist_1,Song Title 853,Artist 7,151
user13@example.com,STUDENT,Playlist_0,Song Title 854,Artist 1,144
user46@example.com,STUDENT,Playlist_4,Song Title 855,Artist 12,266
user26@example.com,FREE,Playlist_3,Song Title 856,Artist 7,123
user6@example.com,FREE,Playlist_3,Song Title 857,Artist 19,292
user10@example.com,STUDENT,Playlist_3,Song Title 858,Artist 10,266
user37@example.com,STUDENT,Playlist_1,Song Title 859,Artist 1,222
user5@example.com,STUDENT,Playlist_3,Song Title 860,Artist 11,132
user35@example.com,PREMIUM,Playlist_3,Song Title 861,Artist 7,121
user37@example.com,STUDENT,Playlist_4,Song Title 862,Artist 13,189
user48@example.com,PREMIUM,Playlist_3,Song Title 863,Artist 8,288
user26@example.com,PREMIUM,Playlist_1,Song Title 864,Artist 4,200
user48@example.com,FREE,Playlist_2,Song Title 865,Artist 18,196
user15@example.com,FREE,Playlist_2,Song Title 866,Artist 1,132
user14@example.com,STUDENT,Playlist_1,Song Title 867,Artist 1,231
user10@example.com,PREMIUM,Playlist_2,Song Title 868,Artist 12,284
user24@example.com,PREMIUM,Playlist_4,Song Title 869,Artist 5,206
user38@example.com,PREMIUM,Playlist_0,Song Title 870,Artist 9,220
user39@example.com,PREMIUM,Playlist_0,Song Title 871,Artist 6,244
user23@example.com,PREMIUM,Playlist_3,Song Title 872,Artist 9,129
user45@example.com,FREE,Playlist_4,Song Title 873,Artist 15,148
user21@example.com,FREE,Playlist_3,Song Title 874,Artist 15,225
user47@example.com,STUDENT,Playlist_4,Song Title 875,Artist 13,269
user5@example.com,STUDENT,Playlist_0,Song Title 876,Artist 11,167
user6@example.com,STUDENT,Playlist_4,Song Title 877,Artist 7,215
user29@example.com,PREMIUM,Playlist_0,Song Title 878,Artist 13,155
user43@example.com,PREMIUM,Playlist_2,Song Title 879,Artist 19,120
user1@example.com,FREE,Playlist_3,Song Title 880,Artist 0,195
user46@example.com,FREE,Playlist_1,Song Title 881,Artist 17,196
user12@example.com,PREMIUM,Playlist_4,Song Title 882,Artist 6,168
user3@example.com,PREMIUM,Playlist_0,Song Title 883,Artist 7,215
user37@example.com,PREMIUM,Playlist_3,Song Title 884,Artist 1,289
user2@example.com,PREMIUM,Playlist_3,Song Title 885,Artist 3,121
user0@example.com,STUDENT,Playlist_0,Song Title 886,Artist 15,214
user31@example.com,STUDENT,Playlist_0,Song Title 887,Artist 15,141
user4@example.com,FREE,Playlist_1,Song Title 888,Artist 3,183
user11@example.com,FREE,Playlist_2,Song Title 889,Artist 8,120
user25@example.com,PREMIUM,Playlist_1,Song Title 890,Artist 14,263
user48@example.com,PREMIUM,Playlist_1,Song Title 891,Artist 9,210
user35@example.com,STUDENT,Playlist_4,Song Title 892,Artist 4,289
user16@example.com,PREMIUM,Playlist_3,Song Title 893,Artist 7,170
user19@example.com,PREMIUM,Playlist_2,Song Title 894,Artist 9,294
user49@example.com,PREMIUM,Playlist_1,Song Title 895,Artist 0,151
user1@example.com,STUDENT,Playlist_3,Song Title 896,Artist 7,284
user44@example.com,STUDENT,Playlist_4,Song Title 897,Artist 6,265
user49@example.com,PREMIUM,Playlist_4,Song Title 898,Artist 9,281
user46@example.com,FREE,Playlist_3,Song Title 899,Artist 19,164
user5@example.com,FREE,Playlist_0,Song Title 900,Artist 7,240
user16@example.com,FREE,Playlist_4,Song Title 901,Artist 9,274
user30@example.com,FREE,Playlist_3,Song Title 902,Artist 19,121
user25@example.com,FREE,Playlist_4,Song Title 903,Artist 19,193
user44@example.com,FREE,Playlist_2,Song Title 904,Artist 15,286
user3@example.com,STUDENT,Playlist_0,Song Title 905,Artist 1,236
user46@example.com,PREMIUM,Playlist_1,Song Title 906,Artist 19,143
user12@example.com,STUDENT,Playlist_2,Song Title 907,Artist 16,123
user1@example.com,FREE,Playlist_0,Song Title 908,Artist 5,198
user34@example.com,PREMIUM,Playlist_4,Song Title 909,Artist 10,122
user44@example.com,FREE,Playlist_0,Song Title 910,Artist 10,246
user31@example.com,STUDENT,Playlist_4,Song Title 911,Artist 0,213
user1@example.com,PREMIUM,Playlist_2,Song Title 912,Artist 9,236
user26@example.com,PREMIUM,Playlist_4,Song Title 913,Artist 0,145
user48@example.com,FREE,Playlist_0,Song Title 914,Artist 9,155
user25@example.com,FREE,Playlist_4,Song Title 915,Artist 3,257
user40@example.com,PREMIUM,Playlist_1,Song Title 916,Artist 15,132
user38@example.com,STUDENT,Playlist_3,Song Title 917,Artist 18,254
user42@example.com,FREE,Playlist_1,Song Title 918,Artist 2,223
user41@example.com,FREE,Playlist_4,Song Title 919,Artist 0,282
user38@example.com,STUDENT,Playlist_4,Song Title 920,Artist 12,203
user3@example.com,FREE,Playlist_3,Song Title 921,Artist 9,219
user22@example.com,PREMIUM,Playlist_1,Song Title 922,Artist 0,241
user17@example.com,PREMIUM,Playlist_4,Song Title 923,Artist 17,239
user22@example.com,STUDENT,Playlist_3,Song Title 924,Artist 10,185
user24@example.com,STUDENT,Playlist_4,Song Title 925,Artist 3,191
user47@example.com,STUDENT,Playlist_1,Song Title 926,Artist 2,209
user31@example.com,STUDENT,Playlist_0,Song Title 927,Artist 16,207
user17@example.com,STUDENT,Playlist_1,Song Title 928,Artist 7,249
user11@example.com,PREMIUM,Playlist_0,Song Title 929,Artist 3,251
user14@example.com,FREE,Playlist_0,Song Title 930,Artist 7,173
user46@example.com,STUDENT,Playlist_0,Song Title 931,Artist 13,226
user47@example.com,STUDENT,Playlist_1,Song Title 932,Artist 9,139
user35@example.com,PREMIUM,Playlist_4,Song Title 933,Artist 18,252
user1@example.com,STUDENT,Playlist_3,Song Title 934,Artist 11,175
user31@example.com,FREE,Playlist_3,Song Title 935,Artist 14,146
user36@example.com,FREE,Playlist_1,Song Title 936,Artist 13,290
user22@example.com,PREMIUM,Playlist_2,Song Title 937,Artist 2,257
user36@example.com,PREMIUM,Playlist_2,Song Title 938,Artist 8,284
user49@example.com,PREMIUM,Playlist_0,Song Title 939,Artist 17,159
user27@example.com,PREMIUM,Playlist_2,Song Title 940,Artist 7,124
user10@example.com,FREE,Playlist_2,Song Title 941,Artist 12,151
user37@example.com,PREMIUM,Playlist_2,Song Title 942,Artist 10,188
user15@example.com,FREE,Playlist_1,Song Title 943,Artist 10,177
user3@example.com,PREMIUM,Playlist_4,Song Title 944,Artist 10,228
user19@example.com,FREE,Playlist_4,Song Title 945,Artist 0,132
user22@example.com,PREMIUM,Playlist_1,Song Title 946,Artist 6,186
user15@example.com,FREE,Playlist_2,Song Title 947,Artist 1,283
user0@example.com,FREE,Playlist_2,Song Title 948,Artist 2,257
user42@example.com,STUDENT,Playlist_2,Song Title 949,Artist 10,179
user13@example.com,STUDENT,Playlist_1,Song Title 950,Artist 6,187
user28@example.com,PREMIUM,Playlist_3,Song Title 951,Artist 11,201
user12@example.com,FREE,Playlist_1,Song Title 952,Artist 3,247
user10@example.com,PREMIUM,Playlist_2,Song Title 953,Artist 10,138
user13@example.com,FREE,Playlist_1,Song Title 954,Artist 15,157
user18@example.com,FREE,Playlist_1,Song Title 955,Artist 4,296
user45@example.com,STUDENT,Playlist_2,Song Title 956,Artist 13,127
user3@example.com,PREMIUM,Playlist_3,Song Title 957,Artist 17,260
user21@example.com,STUDENT,Playlist_3,Song Title 958,Artist 6,214
user1@example.com,STUDENT,Playlist_1,Song Title 959,Artist 14,123
user21@example.com,STUDENT,Playlist_4,Song Title 960,Artist 7,128
user4@example.com,FREE,Playlist_0,Song Title 961,Artist 2,294
user47@example.com,STUDENT,Playlist_3,Song Title 962,Artist 7,269
user16@example.com,PREMIUM,Playlist_4,Song Title 963,Artist 2,129
user6@example.com,FREE,Playlist_1,Song Title 964,Artist 9,170
user19@example.com,STUDENT,Playlist_0,Song Title 965,Artist 17,249
user14@example.com,STUDENT,Playlist_0,Song Title 966,Artist 7,259
user3@example.com,STUDENT,Playlist_3,Song Title 967,Artist 8,245
user33@example.com,STUDENT,Playlist_1,Song Title 968,Artist 14,266
user30@example.com,FREE,Playlist_0,Song Title 969,Artist 6,231
user3@example.com,STUDENT,Playlist_1,Song Title 970,Artist 3,254
user29@example.com,FREE,Playlist_1,Song Title 971,Artist 5,284
user39@example.com,PREMIUM,Playlist_0,Song Title 972,Artist 3,244
user15@example.com,STUDENT,Playlist_2,Song Title 973,Artist 8,163
user34@example.com,PREMIUM,Playlist_4,Song Title 974,Artist 2,258
user1@example.com,FREE,Playlist_0,Song Title 975,Artist 9,188
user13@example.com,STUDENT,Playlist_3,Song Title 976,Artist 4,233
user12@example.com,STUDENT,Playlist_1,Song Title 977,Artist 9,217
user25@example.com,PREMIUM,Playlist_1,Song Title 978,Artist 16,126
user19@example.com,PREMIUM,Playlist_3,Song Title 979,Artist 2,224
user49@example.com,STUDENT,Playlist_4,Song Title 980,Artist 13,292
user1@example.com,STUDENT,Playlist_1,Song Title 981,Artist 15,161
user48@example.com,PREMIUM,Playlist_1,Song Title 982,Artist 15,163
user11@example.com,FREE,Playlist_2,Song Title 983,Artist 14,188
user36@example.com,FREE,Playlist_3,Song Title 984,Artist 15,288
user5@example.com,STUDENT,Playlist_4,Song Title 985,Artist 12,232
user17@example.com,PREMIUM,Playlist_1,Song Title 986,Artist 7,127
user2@example.com,PREMIUM,Playlist_0,Song Title 987,Artist 11,138
user40@example.com,STUDENT,Playlist_0,Song Title 988,Artist 17,164
user43@example.com,FREE,Playlist_2,Song Title 989,Artist 5,191
user32@example.com,PREMIUM,Playlist_3,Song Title 990,Artist 19,271
user35@example.com,FREE,Playlist_4,Song Title 991,Artist 3,237
user45@example.com,PREMIUM,Playlist_1,Song Title 992,Artist 9,160
user5@example.com,PREMIUM,Playlist_3,Song Title 993,Artist 17,260
user26@example.com,FREE,Playlist_1,Song Title 994,Artist 13,236
user45@example.com,FREE,Playlist_1,Song Title 995,Artist 18,278
user39@example.com,STUDENT,Playlist_0,Song Title 996,Artist 15,150
user8@example.com,STUDENT,Playlist_2,Song Title 997,Artist 17,132
user40@example.com,STUDENT,Playlist_2,Song Title 998,Artist 4,139
user34@example.com,STUDENT,Playlist_0,Song Title 999,Artist 7,260
